[
  {
    "id": "kopi-semendo",
    "name": "Kopi Semendo Robusta 250g",
    "price": 45000,
    "rating": 4.9,
    "sold": 320,
    "thumb": "https://images.unsplash.com/photo-1447933601403-0c6688de566e?auto=format&fit=crop&w=800&h=800&q=70",
    "category": "kopi",
<<<<<<< HEAD
    "sellerName": "Kebun Kopi Semendo",
    "sellerPhone": "6281234567890",
    "location": "Muara Enim, Sumsel",
=======
>>>>>>> 7edfccddadb209813f7a69e5a6308d535808fd36
    "tags": [
      "kopi",
      "semendo",
      "robusta"
    ],
    "featured": true,
    "available": true
  },
  {
    "id": "gula-aren",
    "name": "Gula Aren Semende 500g",
    "price": 38000,
    "rating": 4.8,
    "sold": 210,
    "thumb": "https://images.unsplash.com/photo-1560807707-8cc77767d783?auto=format&fit=crop&w=800&h=800&q=70",
    "category": "sembako",
<<<<<<< HEAD
    "sellerName": "Gula Aren Tradisional",
    "sellerPhone": "6281234567891",
    "location": "Muara Enim, Sumsel",
=======
>>>>>>> 7edfccddadb209813f7a69e5a6308d535808fd36
    "tags": [
      "gula",
      "aren",
      "semende"
    ],
    "featured": true,
    "available": true
  },
  {
    "id": "kemplang",
    "name": "Kemplang Panggang 200g",
    "price": 29000,
    "rating": 4.7,
    "sold": 150,
    "thumb": "https://images.unsplash.com/photo-1504754524776-8f4f37790ca0?auto=format&fit=crop&w=800&h=800&q=70",
    "category": "snack",
<<<<<<< HEAD
    "sellerName": "Kemplang Palembang Asli",
    "sellerPhone": "6281234567892",
    "location": "Muara Enim, Sumsel",
=======
>>>>>>> 7edfccddadb209813f7a69e5a6308d535808fd36
    "tags": [
      "kemplang",
      "ikan"
    ],
    "featured": true,
    "available": true
  },
  {
    "id": "anyaman-purun",
    "name": "Keranjang Anyaman Purun",
    "price": 69000,
    "rating": 4.6,
    "sold": 95,
    "thumb": "https://images.unsplash.com/photo-1594633313593-bab3825d0caf?auto=format&fit=crop&w=800&h=800&q=70",
    "category": "kerajinan",
<<<<<<< HEAD
    "sellerName": "Kerajinan Purun Lokal",
    "sellerPhone": "6281234567893",
    "location": "Muara Enim, Sumsel",
=======
>>>>>>> 7edfccddadb209813f7a69e5a6308d535808fd36
    "tags": [
      "purun",
      "anyaman"
    ],
    "featured": false,
    "available": true
  },
  {
    "id": "dodol-kelapa",
    "name": "Dodol Kelapa Semende 250g",
    "price": 27000,
    "rating": 4.6,
    "sold": 130,
    "thumb": "https://images.unsplash.com/photo-1534423861386-85a16f5d13fd?auto=format&fit=crop&w=800&h=800&q=70",
    "category": "snack",
<<<<<<< HEAD
    "sellerName": "Dodol Kelapa Semende",
    "sellerPhone": "6281234567894",
    "location": "Muara Enim, Sumsel",
=======
>>>>>>> 7edfccddadb209813f7a69e5a6308d535808fd36
    "tags": [
      "dodol",
      "kelapa"
    ],
<<<<<<< HEAD
    "featured": true,
=======
    "featured": false,
>>>>>>> 7edfccddadb209813f7a69e5a6308d535808fd36
    "available": true
  },
  {
    "id": "serai-wangi",
    "name": "Minyak Serai Wangi 100ml",
    "price": 35000,
    "rating": 4.7,
    "sold": 80,
    "thumb": "https://images.unsplash.com/photo-1526318472351-c75fcf070305?auto=format&fit=crop&w=800&h=800&q=70",
    "category": "minuman",
<<<<<<< HEAD
    "sellerName": "Aromaterapi Serai Wangi",
    "sellerPhone": "6281234567895",
    "location": "Muara Enim, Sumsel",
=======
>>>>>>> 7edfccddadb209813f7a69e5a6308d535808fd36
    "tags": [
      "serai"
    ],
    "featured": false,
    "available": true
  }
]