[
  {
    "id": "kopi-semendo",
    "name": "Kopi Semendo Robusta 250g",
    "price": 45000,
    "rating": 4.9,
    "sold": 320,
    "thumb": "https://images.unsplash.com/photo-1447933601403-0c6688de566e?auto=format&fit=crop&w=800&h=800&q=70",
    "category": "kopi",
    "sellerName": "Kebun Kopi Semendo",
    "sellerPhone": "6281234567890",
    "location": "Semendo, Muara Enim, South Sumatra, Indonesia",
    "tags": [
      "kopi",
      "semendo",
      "robusta"
    ],
    "featured": true,
    "available": true,
    "stock": 50,
    "unit": "pack",
    "image": "https://images.unsplash.com/photo-1447933601403-0c6688de566e?auto=format&fit=crop&w=800&h=800&q=70",
    "images": [
      "https://images.unsplash.com/photo-1447933601403-0c6688de566e?auto=format&fit=crop&w=800&h=800&q=70",
      "https://images.unsplash.com/photo-1559056199-641a0ac8b55e?auto=format&fit=crop&w=800&h=800&q=70"
    ],
    "description": "Kopi Robusta premium dari pegunungan Semendo. Diolah secara tradisional dengan cita rasa yang khas dan aroma yang harum. Cocok untuk pecinta kopi yang menyukai rasa bold dan karakter yang kuat."
  },
  {
    "id": "gula-aren",
    "name": "Gula Aren Semendo 500g",
    "price": 38000,
    "rating": 4.8,
    "sold": 210,
    "thumb": "https://images.unsplash.com/photo-1578985545062-69928b1d9587?auto=format&fit=crop&w=800&h=800&q=70",
    "category": "sembako",
    "sellerName": "Gula Aren Tradisional",
    "sellerPhone": "6281234567891",
    "location": "Semendo, Muara Enim, South Sumatra, Indonesia",
    "tags": [
      "gula",
      "aren",
      "semendo"
    ],
    "featured": true,
    "available": true,
    "stock": 120,
    "unit": "pack",
    "image": "https://images.unsplash.com/photo-1578985545062-69928b1d9587?auto=format&fit=crop&w=800&h=800&q=70",
    "images": [
      "https://images.unsplash.com/photo-1578985545062-69928b1d9587?auto=format&fit=crop&w=800&h=800&q=70",
      "https://images.unsplash.com/photo-1571115764595-644a1f56a55c?auto=format&fit=crop&w=800&h=800&q=70"
    ],
    "description": "Gula aren murni dari pohon aren Semendo yang diproses secara tradisional. Memiliki rasa manis alami yang khas dan aroma yang harum. Cocok untuk membuat aneka kue dan minuman tradisional."
  },
  {
    "id": "kemplang",
    "name": "Kemplang Panggang 200g",
    "price": 29000,
    "rating": 4.7,
    "sold": 150,
    "thumb": "https://images.unsplash.com/photo-1504754524776-8f4f37790ca0?auto=format&fit=crop&w=800&h=800&q=70",
    "category": "snack",
    "sellerName": "Kemplang Palembang Asli",
    "sellerPhone": "6281234567892",
    "location": "Lubuk Linggau, Muara Enim, South Sumatra, Indonesia",
    "tags": [
      "kemplang",
      "ikan"
    ],
    "featured": true,
    "available": true,
    "stock": 75,
    "unit": "pack",
    "image": "https://images.unsplash.com/photo-1504754524776-8f4f37790ca0?auto=format&fit=crop&w=800&h=800&q=70",
    "images": [
      "https://images.unsplash.com/photo-1504754524776-8f4f37790ca0?auto=format&fit=crop&w=800&h=800&q=70",
      "https://images.unsplash.com/photo-1593504049359-74330189a345?auto=format&fit=crop&w=800&h=800&q=70"
    ],
    "description": "Kemplang panggang asli Palembang dengan tekstur renyah dan rasa ikan yang gurih. Dibuat dengan cara tradisional menggunakan ikan segar dan bumbu pilihan."
  },
  {
    "id": "anyaman-purun",
    "name": "Keranjang Anyaman Purun",
    "price": 69000,
    "rating": 4.6,
    "sold": 95,
    "thumb": "https://images.unsplash.com/photo-1594633313593-bab3825d0caf?auto=format&fit=crop&w=800&h=800&q=70",
    "category": "kerajinan",
    "sellerName": "Kerajinan Purun Lokal",
    "sellerPhone": "6281234567893",
    "location": "Gunung Megang, Muara Enim, South Sumatra, Indonesia",
    "tags": [
      "purun",
      "anyaman"
    ],
    "featured": false,
    "available": true,
    "stock": 25,
    "unit": "pcs",
    "image": "https://images.unsplash.com/photo-1594633313593-bab3825d0caf?auto=format&fit=crop&w=800&h=800&q=70",
    "images": [
      "https://images.unsplash.com/photo-1594633313593-bab3825d0caf?auto=format&fit=crop&w=800&h=800&q=70",
      "https://images.unsplash.com/photo-1578662996442-48f60103fc96?auto=format&fit=crop&w=800&h=800&q=70"
    ],
    "description": "Keranjang anyaman purun berkualitas tinggi buatan tangan pengrajin lokal. Terbuat dari serat purun alami yang kuat dan tahan lama. Cocok untuk penyimpanan atau sebagai dekorasi rumah dengan sentuhan tradisional."
  },
  {
    "id": "dodol-kelapa",
    "name": "Dodol Kelapa Semendo 250g",
    "price": 27000,
    "rating": 4.6,
    "sold": 130,
    "thumb": "https://images.unsplash.com/photo-1534423861386-85a16f5d13fd?auto=format&fit=crop&w=800&h=800&q=70",
    "category": "snack",
    "sellerName": "Dodol Kelapa Semendo",
    "sellerPhone": "6281234567894",
    "location": "Semendo, Muara Enim, South Sumatra, Indonesia",
    "tags": [
      "dodol",
      "kelapa"
    ],
    "featured": true,
    "available": true,
    "stock": 80,
    "unit": "pack",
    "image": "https://images.unsplash.com/photo-1534423861386-85a16f5d13fd?auto=format&fit=crop&w=800&h=800&q=70",
    "images": [
      "https://images.unsplash.com/photo-1534423861386-85a16f5d13fd?auto=format&fit=crop&w=800&h=800&q=70",
      "https://images.unsplash.com/photo-1558961363-fa8fdf82db35?auto=format&fit=crop&w=800&h=800&q=70"
    ],
    "description": "Dodol kelapa tradisional khas Semendo dengan tekstur kenyal dan rasa kelapa yang autentik. Dibuat dari kelapa segar pilihan dan gula aren asli. Camilan manis yang cocok untuk segala usia."
  },
  {
    "id": "serai-wangi",
    "name": "Minyak Serai Wangi 100ml",
    "price": 35000,
    "rating": 4.7,
    "sold": 80,
    "thumb": "https://images.unsplash.com/photo-1526318472351-c75fcf070305?auto=format&fit=crop&w=800&h=800&q=70",
    "category": "minuman",
    "sellerName": "Aromaterapi Serai Wangi",
    "sellerPhone": "6281234567895",
    "location": "Talang Ubi, Muara Enim, South Sumatra, Indonesia",
    "tags": [
      "serai"
    ],
    "featured": false,
    "available": true,
    "stock": 40,
    "unit": "bottle",
    "image": "https://images.unsplash.com/photo-1526318472351-c75fcf070305?auto=format&fit=crop&w=800&h=800&q=70",
    "images": [
      "https://images.unsplash.com/photo-1526318472351-c75fcf070305?auto=format&fit=crop&w=800&h=800&q=70",
      "https://images.unsplash.com/photo-1608571423902-eed4a5ad8108?auto=format&fit=crop&w=800&h=800&q=70"
    ],
    "description": "Minyak serai wangi murni hasil destilasi daun serai segar. Memiliki aroma yang menenangkan dan khasiat aromaterapi alami. Cocok untuk relaksasi, mengusir serangga, atau sebagai minyak pijat."
  },
  {
    "id": "kerupuk-palembang",
    "name": "Kerupuk Palembang 250g",
    "price": 25000,
    "rating": 4.8,
    "sold": 180,
    "thumb": "https://images.unsplash.com/photo-1593504049359-74330189a345?auto=format&fit=crop&w=800&h=800&q=70",
    "category": "snack",
    "sellerName": "Kemplang Palembang Asli",
    "sellerPhone": "6281234567892",
    "location": "Lubuk Linggau, Muara Enim, South Sumatra, Indonesia",
    "tags": [
      "kerupuk",
      "palembang",
      "ikan"
    ],
    "featured": true,
    "available": true,
    "stock": 100,
    "unit": "pack",
    "image": "https://images.unsplash.com/photo-1593504049359-74330189a345?auto=format&fit=crop&w=800&h=800&q=70",
    "images": [
      "https://images.unsplash.com/photo-1593504049359-74330189a345?auto=format&fit=crop&w=800&h=800&q=70",
      "https://images.unsplash.com/photo-1504754524776-8f4f37790ca0?auto=format&fit=crop&w=800&h=800&q=70"
    ],
    "description": "Kerupuk Palembang asli dengan cita rasa tradisional. Terbuat dari ikan segar pilihan dan bumbu rempah khas Palembang. Renyah dan gurih, cocok untuk camilan atau pelengkap makan."
  },
  {
    "id": "batik-kujur-kain",
    "name": "Batik Kujur Kain 2 meter",
    "price": 125000,
    "rating": 4.9,
    "sold": 45,
    "thumb": "https://images.unsplash.com/photo-1586023492125-27b2c045efd7?auto=format&fit=crop&w=800&h=800&q=70",
    "category": "kerajinan",
    "sellerName": "Batik Muara Enim",
    "sellerPhone": "6281234567896",
    "location": "Muara Enim, Muara Enim, South Sumatra, Indonesia",
    "tags": [
      "batik",
      "kujur",
      "kain"
    ],
    "featured": true,
    "available": true,
    "stock": 25,
    "unit": "meter",
    "image": "https://images.unsplash.com/photo-1586023492125-27b2c045efd7?auto=format&fit=crop&w=800&h=800&q=70",
    "images": [
      "https://images.unsplash.com/photo-1586023492125-27b2c045efd7?auto=format&fit=crop&w=800&h=800&q=70",
      "https://images.unsplash.com/photo-1594736797933-d0401ba2fe65?auto=format&fit=crop&w=800&h=800&q=70"
    ],
    "description": "Batik Kujur tradisional khas Muara Enim dengan motif klasik yang elegan. Ditenun dengan teknik tradisional menggunakan pewarna alami. Cocok untuk acara formal maupun casual dengan kualitas premium."
  },
  {
    "id": "batik-kujur-baju",
    "name": "Baju Batik Kujur Wanita",
    "price": 180000,
    "rating": 4.8,
    "sold": 32,
    "thumb": "https://images.unsplash.com/photo-1594736797933-d0401ba2fe65?auto=format&fit=crop&w=800&h=800&q=70",
    "category": "fashion",
    "sellerName": "Batik Muara Enim",
    "sellerPhone": "6281234567896",
    "location": "Muara Enim, Muara Enim, South Sumatra, Indonesia",
    "tags": [
      "batik",
      "kujur",
      "baju",
      "wanita"
    ],
    "featured": true,
    "available": true,
    "stock": 15,
    "unit": "pcs",
    "image": "https://images.unsplash.com/photo-1594736797933-d0401ba2fe65?auto=format&fit=crop&w=800&h=800&q=70",
    "images": [
      "https://images.unsplash.com/photo-1594736797933-d0401ba2fe65?auto=format&fit=crop&w=800&h=800&q=70",
      "https://images.unsplash.com/photo-1586023492125-27b2c045efd7?auto=format&fit=crop&w=800&h=800&q=70"
    ],
    "description": "Baju batik kujur wanita dengan desain modern dan motif tradisional. Terbuat dari kain batik kujur asli dengan potongan yang elegan dan nyaman dipakai. Tersedia dalam berbagai ukuran."
  },
  {
    "id": "batik-kujur-selendang",
    "name": "Selendang Batik Kujur",
    "price": 75000,
    "rating": 4.7,
    "sold": 28,
    "thumb": "https://images.unsplash.com/photo-1578662996442-48f60103fc96?auto=format&fit=crop&w=800&h=800&q=70",
    "category": "fashion",
    "sellerName": "Batik Muara Enim",
    "sellerPhone": "6281234567896",
    "location": "Muara Enim, Muara Enim, South Sumatra, Indonesia",
    "tags": [
      "batik",
      "kujur",
      "selendang"
    ],
    "featured": false,
    "available": true,
    "stock": 20,
    "unit": "pcs",
    "image": "https://images.unsplash.com/photo-1578662996442-48f60103fc96?auto=format&fit=crop&w=800&h=800&q=70",
    "images": [
      "https://images.unsplash.com/photo-1578662996442-48f60103fc96?auto=format&fit=crop&w=800&h=800&q=70",
      "https://images.unsplash.com/photo-1586023492125-27b2c045efd7?auto=format&fit=crop&w=800&h=800&q=70"
    ],
    "description": "Selendang batik kujur dengan motif tradisional yang cantik. Bahan lembut dan ringan, cocok untuk aksesori pelengkap outfit batik atau pakaian modern. Desain serbaguna dan mudah dipadukan."
  }
]